Boar Stud,Average Inventory
MB 7081,223.46153846153845
MB 7082,186.92307692307693
MB 7092,453
MB 7093,442.15384615384613
MB 7094,479.0769230769231
MBW Cimarron,344.61538461538464
MBW Cyclone,269.2307692307692
MBW Yuma,159.23076923076923
Skyline Boar Stud,240.07692307692307
SPGNC,181.3846153846154
SPGVA,255.84615384615384
