Boar Stud,Inventory,Target,Inventory to target
MB 7081,213,200,106.5
MB 7082,175,200,87.5
MB 7092,401,250,160.4
MB 7093,479,450,106.44444444444446
MB 7094,465,450,103.33333333333334
MBW Cimarron,318,399,79.69924812030075
MBW Cyclone,275,403,68.23821339950372
MBW Yuma,166,203,81.77339901477832
Skyline Boar Stud,235,200,117.5
SPGNC,184,220,83.63636363636363
SPGVA,260,292,89.04109589041096
