Boar Stud,Total Boars,Boars Trained Within 14 Days,Percent Trained
MB 7081,53,48,90.56603773584906
MB 7082,73,68,93.15068493150685
MB 7092,86,86,100
MB 7093,80,80,100
MB 7094,69,67,97.10144927536231
MBW Cimarron,133,109,81.95488721804512
MBW Cyclone,68,67,98.52941176470588
MBW Yuma,76,72,94.73684210526315
Skyline Boar Stud,24,9,37.5
SPGNC,58,55,94.82758620689656
SPGVA,92,86,93.47826086956522
