Boar Stud,trash,total,Trash Rate
MB 7081,15,183,8.19672131147541
MB 7082,9,180,5
MB 7092,51,399,12.781954887218044
MB 7093,29,392,7.3979591836734695
MB 7094,20,388,5.154639175257731
MBW Cimarron,43,255,16.862745098039216
MBW Cyclone,63,267,23.595505617977526
MBW Yuma,30,147,20.408163265306122
Skyline Boar Stud,8,209,3.827751196172249
SPGNC,18,144,12.5
SPGVA,54,262,20.610687022900763
